Workbook

Sheet READING
A1: METER READING
B2: 46082 | C2: 46083 | D2: 46084 | E2: 46085 | F2: 46086 | G2: 46087 | H2: 46088 | I2: 46089 | J2: 46090 | K2: 46091 | L2: 46092 | M2: 46093 | N2: 46094 | O2: 46095 | P2: 46096 | Q2: 46097 | R2: 46098 | S2: 46099 | T2: 46100 | U2: 46101 | V2: 46102 | W2: 46103 | X2: 46104 | Y2: 46105 | Z2: 46106 | AA2: 46107 | AB2: 46108 | AC2: 46109 | AD2: 46110 | AE2: 46111 | AF2: 46112
A3: TRANSFORMER KWH
A4: P1 KWH
A5: P2 KWH
A6: P3 KWH
A7: P4 KWH
A9: KVARH LAG
A10: P1 KVARH LAG
A11: P2 KVARH LAG
A12: P3 KVARH LAG
A13: P4 KVARH LAG
A15: KVARH LEAD
A16: P1 KVARH LEAD
... A40: LASER

Sheet CONSUMPTION
A1: METER READING
B2: 46082 | C2: 46083 | D2: 46084 | E2: 46085 | F2: 46086 | G2: 46087 | H2: 46088 | I2: 46089 | J2: 46090 | K2: 46091 | L2: 46092 | M2: 46093 | N2: 46094 | O2: 46095 | P2: 46096 | Q2: 46097 | R2: 46098 | S2: 46099 | T2: 46100 | U2: 46101 | V2: 46102 | W2: 46103 | X2: 46104 | Y2: 46105 | Z2: 46106 | AA2: 46107 | AB2: 46108 | AC2: 46109 | AD2: 46110 | AE2: 46111 | AF2: 46112 | AG2: TOTAL
A3: TRANSFORMER KWH | B3: =(READING!C3-READING!B3)*10 -> 0 | C3: =(READING!D3-READING!C3)*10 -> 0 | D3: =(READING!E3-READING!D3)*10 -> 0 | E3: =(READING!F3-READING!E3)*10 -> 0 | F3: =(READING!G3-READING!F3)*10 -> 0 | G3: =(READING!H3-READING!G3)*10 -> 0 | H3: =(READING!I3-READING!H3)*10 -> 0 | I3: =(READING!J3-READING!I3)*10 -> 0 | ... AF3: =(READING!AG3-READING!AF3)*10 -> 0 | AG3: =SUM(B3:AF3) -> 0
A4: P1 KWH | B4: =(READING!C4-READING!B4)*10 -> 0 | C4: =(READING!D4-READING!C4)*10 -> 0 | D4: =(READING!E4-READING!D4)*10 -> 0 | E4: =(READING!F4-READING!E4)*10 -> 0 | F4: =(READING!G4-READING!F4)*10 -> 0 | G4: =(READING!H4-READING!G4)*10 -> 0 | H4: =(READING!I4-READING!H4)*10 -> 0 | I4: =(READING!J4-READING!I4)*10 -> 0 | ... AF4: =(READING!AG4-READING!AF4)*10 -> 0 | AG4: =SUM(B4:AF4) -> 0
A5: P2 KWH | B5: =(READING!C5-READING!B5)*10 -> 0 | C5: =(READING!D5-READING!C5)*10 -> 0 | D5: =(READING!E5-READING!D5)*10 -> 0 | E5: =(READING!F5-READING!E5)*10 -> 0 | F5: =(READING!G5-READING!F5)*10 -> 0 | G5: =(READING!H5-READING!G5)*10 -> 0 | H5: =(READING!I5-READING!H5)*10 -> 0 | I5: =(READING!J5-READING!I5)*10 -> 0 | ... AF5: =(READING!AG5-READING!AF5)*10 -> 0 | AG5: =SUM(B5:AF5) -> 0
A6: P3 KWH | B6: =(READING!C6-READING!B6)*10 -> 0 | C6: =(READING!D6-READING!C6)*10 -> 0 | D6: =(READING!E6-READING!D6)*10 -> 0 | E6: =(READING!F6-READING!E6)*10 -> 0 | F6: =(READING!G6-READING!F6)*10 -> 0 | G6: =(READING!H6-READING!G6)*10 -> 0 | H6: =(READING!I6-READING!H6)*10 -> 0 | I6: =(READING!J6-READING!I6)*10 -> 0 | ... AF6: =(READING!AG6-READING!AF6)*10 -> 0 | AG6: =SUM(B6:AF6) -> 0
A7: P4 KWH | B7: =(READING!C7-READING!B7)*10 -> 0 | C7: =(READING!D7-READING!C7)*10 -> 0 | D7: =(READING!E7-READING!D7)*10 -> 0 | E7: =(READING!F7-READING!E7)*10 -> 0 | F7: =(READING!G7-READING!F7)*10 -> 0 | G7: =(READING!H7-READING!G7)*10 -> 0 | H7: =(READING!I7-READING!H7)*10 -> 0 | I7: =(READING!J7-READING!I7)*10 -> 0 | ... AF7: =(READING!AG7-READING!AF7)*10 -> 0 | AG7: =SUM(B7:AF7) -> 0
A10: KVAH | B10: =(READING!C21-READING!B21)*10 -> 0 | C10: =(READING!D21-READING!C21)*10 -> 0 | D10: =(READING!E21-READING!D21)*10 -> 0 | E10: =(READING!F21-READING!E21)*10 -> 0 | F10: =(READING!G21-READING!F21)*10 -> 0 | G10: =(READING!H21-READING!G21)*10 -> 0 | H10: =(READING!I21-READING!H21)*10 -> 0 | I10: =(READING!J21-READING!I21)*10 -> 0 | ... AF10: =(READING!AG21-READING!AF21)*10 -> 0 | AG10: =SUM(B10:AF10) -> 0
A11: P1 KVAH | B11: =(READING!C22-READING!B22)*10 -> 0 | C11: =(READING!D22-READING!C22)*10 -> 0 | D11: =(READING!E22-READING!D22)*10 -> 0 | E11: =(READING!F22-READING!E22)*10 -> 0 | F11: =(READING!G22-READING!F22)*10 -> 0 | G11: =(READING!H22-READING!G22)*10 -> 0 | H11: =(READING!I22-READING!H22)*10 -> 0 | I11: =(READING!J22-READING!I22)*10 -> 0 | ... AF11: =(READING!AG22-READING!AF22)*10 -> 0 | AG11: =SUM(B11:AF11) -> 0
A12: P2 KVAH | B12: =(READING!C23-READING!B23)*10 -> 0 | C12: =(READING!D23-READING!C23)*10 -> 0 | D12: =(READING!E23-READING!D23)*10 -> 0 | E12: =(READING!F23-READING!E23)*10 -> 0 | F12: =(READING!G23-READING!F23)*10 -> 0 | G12: =(READING!H23-READING!G23)*10 -> 0 | H12: =(READING!I23-READING!H23)*10 -> 0 | I12: =(READING!J23-READING!I23)*10 -> 0 | ... AF12: =(READING!AG23-READING!AF23)*10 -> 0 | AG12: =SUM(B12:AF12) -> 0
A13: P3 KVAH | B13: =(READING!C24-READING!B24)*10 -> 0 | C13: =(READING!D24-READING!C24)*10 -> 0 | D13: =(READING!E24-READING!D24)*10 -> 0 | E13: =(READING!F24-READING!E24)*10 -> 0 | F13: =(READING!G24-READING!F24)*10 -> 0 | G13: =(READING!H24-READING!G24)*10 -> 0 | H13: =(READING!I24-READING!H24)*10 -> 0 | I13: =(READING!J24-READING!I24)*10 -> 0 | ... AF13: =(READING!AG24-READING!AF24)*10 -> 0 | AG13: =SUM(B13:AF13) -> 0
A14: P4 KVAH | B14: =(READING!C25-READING!B25)*10 -> 0 | C14: =(READING!D25-READING!C25)*10 -> 0 | D14: =(READING!E25-READING!D25)*10 -> 0 | E14: =(READING!F25-READING!E25)*10 -> 0 | F14: =(READING!G25-READING!F25)*10 -> 0 | G14: =(READING!H25-READING!G25)*10 -> 0 | H14: =(READING!I25-READING!H25)*10 -> 0 | I14: =(READING!J25-READING!I25)*10 -> 0 | ... AF14: =(READING!AG25-READING!AF25)*10 -> 0 | AG14: =SUM(B14:AF14) -> 0
A17: POWDER COATING | B17: =(READING!C35-READING!B35)*1000 -> 0 | C17: =(READING!D35-READING!C35)*1000 -> 0 | D17: =(READING!E35-READING!D35)*1000 -> 0 | E17: =(READING!F35-READING!E35)*1000 -> 0 | F17: =(READING!G35-READING!F35)*1000 -> 0 | G17: =(READING!H35-READING!G35)*1000 -> 0 | H17: =(READING!I35-READING!H35)*1000 -> 0 | I17: =(READING!J35-READING!I35)*1000 -> 0 | ... AF17: =(READING!AG35-READING!AF35)*1000 -> 0 | AG17: =SUM(B17:AF17) -> 0
A18: COMPRESSOR | B18: =(READING!C36-READING!B36)*1000 -> 0 | C18: =(READING!D36-READING!C36)*1000 -> 0 | D18: =(READING!E36-READING!D36)*1000 -> 0 | E18: =(READING!F36-READING!E36)*1000 -> 0 | F18: =(READING!G36-READING!F36)*1000 -> 0 | G18: =(READING!H36-READING!G36)*1000 -> 0 | H18: =(READING!I36-READING!H36)*1000 -> 0 | I18: =(READING!J36-READING!I36)*1000 -> 0 | ... AF18: =(READING!AG36-READING!AF36)*1000 -> 0 | AG18: =SUM(B18:AF18) -> 0
A19: MAIN LT METER | B19: =(READING!C37-READING!B37)*1000 -> 0 | C19: =(READING!D37-READING!C37)*1000 -> 0 | D19: =(READING!E37-READING!D37)*1000 -> 0 | E19: =(READING!F37-READING!E37)*1000 -> 0 | F19: =(READING!G37-READING!F37)*1000 -> 0 | G19: =(READING!H37-READING!G37)*1000 -> 0 | H19: =(READING!I37-READING!H37)*1000 -> 0 | I19: =(READING!J37-READING!I37)*1000 -> 0 | ... AF19: =(READING!AG37-READING!AF37)*1000 -> 0 | AG19: =SUM(B19:AF19) -> 0
AG20: =SUM(B20:AF20) -> 0
A21: MACHINE SHOP | B21: =(READING!C39-READING!B39)*1000 -> 0 | C21: =(READING!D39-READING!C39)*1000 -> 0 | D21: =(READING!E39-READING!D39)*1000 -> 0 | E21: =(READING!F39-READING!E39)*1000 -> 0 | F21: =(READING!G39-READING!F39)*1000 -> 0 | G21: =(READING!H39-READING!G39)*1000 -> 0 | H21: =(READING!I39-READING!H39)*1000 -> 0 | I21: =(READING!J39-READING!I39)*1000 -> 0 | ... AF21: =(READING!AG39-READING!AF39)*1000 -> 0 | AG21: =SUM(B21:AF21) -> 0
A22: LASER | B22: =(READING!C40-READING!B40)*1000 -> 0 | C22: =(READING!D40-READING!C40)*1000 -> 0 | D22: =(READING!E40-READING!D40)*1000 -> 0 | E22: =(READING!F40-READING!E40)*1000 -> 0 | F22: =(READING!G40-READING!F40)*1000 -> 0 | G22: =(READING!H40-READING!G40)*1000 -> 0 | H22: =(READING!I40-READING!H40)*1000 -> 0 | I22: =(READING!J40-READING!I40)*1000 -> 0 | ... AF22: =(READING!AG40-READING!AF40)*1000 -> 0 | AG22: =SUM(B22:AF22) -> 0
A25: MACHINE SHOP AND OTHER | B25: =B19-(B18+B17) -> 0 | C25: =C19-(C18+C17) -> 0 | D25: =D19-(D18+D17) -> 0 | E25: =E19-(E18+E17) -> 0 | F25: =F19-(F18+F17) -> 0 | G25: =G19-(G18+G17) -> 0 | H25: =H19-(H18+H17) -> 0 | I25: =I19-(I18+I17) -> 0 | ... AF25: =AF19-(AF18+AF17) -> 0 | AG25: =SUM(B25:AF25) -> 0
A26: CALCULATED PF | B26: =IFERROR(B3/B10,"") | C26: =IFERROR(C3/C10,"") | D26: =IFERROR(D3/D10,"") | E26: =IFERROR(E3/E10,"") | F26: =IFERROR(F3/F10,"") | G26: =IFERROR(G3/G10,"") | H26: =IFERROR(H3/H10,"") | I26: =IFERROR(I3/I10,"") | ... AG26: =IFERROR(AG3/AG10,"")
